SxJXUMuHR ,Female ,Permanent ,546 
VFTAUez ,Male ,Permanent ,624 
mfWqHNjz ,Male ,Permanent ,447 
gUPYw ,Female ,Permanent ,619 
hlnbSM ,Male ,Contractor ,922 
hsGZBViCHD ,Male ,Permanent ,260 
hjsaLLNS ,Female ,Permanent ,830 
RihDTQxb ,Female ,Contractor ,198 
BgdEyoc ,Male ,Permanent ,746 
jIxDECY ,Male ,Contractor ,219 
zBuWDjV ,Female ,Permanent ,296 
MfHbhP ,Male ,Contractor ,142 
MyprbP ,Female ,Permanent ,896 
UZMQC ,Male ,Contractor ,303 
nMrsVUzKV ,Female ,Permanent ,90 
kWLlLzG ,Female ,Contractor ,479 
DumzIsexGX ,Male ,Contractor ,577 
ONXAvPKTdx ,Male ,Contractor ,716 
uHCXbqw ,Male ,Permanent ,539 
QabsSu ,Female ,Contractor ,678 
eITYLqH ,Female ,Permanent ,502 
efhHXgThiD ,Male ,Contractor ,683 
CAZKRiO ,Female ,Contractor ,91 
TxDqyNWfwD ,Male ,Permanent ,448 
nChXI ,Male ,Contractor ,537 
MBIcClrR ,Male ,Permanent ,741 
PluUk ,Female ,Contractor ,483 
IBaPz ,Male ,Permanent ,664 
QnTapYl ,Female ,Permanent ,732 
QtQb ,Male ,Contractor ,400 
LALWbo ,Male ,Contractor ,81 
DRusmv ,Male ,Permanent ,989 
eetU ,Female ,Contractor ,948 
AlCNnPJQ ,Female ,Contractor ,534 
BwVxr ,Male ,Contractor ,860 
DTYHPuGc ,Female ,Contractor ,557 
xSpPdgS ,Female ,Permanent ,5 
XRBo ,Female ,Contractor ,330 
yNtHCNoggj ,Female ,Contractor ,906 
aYII ,Female ,Permanent ,898 
MJInzjjR ,Female ,Permanent ,275 
RIOHqVQ ,Male ,Contractor ,804 
izrRSaCh ,Female ,Permanent ,918 
nZPGfY ,Female ,Permanent ,797 
YKQrOY ,Male ,Permanent ,76 
NAMpE ,Male ,Contractor ,243 
khLBpRbbY ,Female ,Contractor ,54 
jmMzMhyvbl ,Female ,Contractor ,120 
ijWsVFe ,Male ,Permanent ,284 
ZvsysOj ,Male ,Permanent ,944 
HhoIUM ,Female ,Contractor ,393 
kOyHVCFrB ,Male ,Contractor ,801 
qQnzXOK ,Female ,Permanent ,216 
GoUDpk ,Male ,Contractor ,863 
hvNNooUgMt ,Male ,Permanent ,594 
bXiRUCacs ,Male ,Permanent ,66 
tJhcRfrg ,Female ,Contractor ,641 
TtyzCWBzHU ,Female ,Permanent ,239 
dPgmwzWfB ,Male ,Contractor ,145 
IBXKuSiUv ,Female ,Contractor ,143 
RsZM ,Male ,Contractor ,556 
sbXogafvvA ,Male ,Contractor ,548 
TSVp ,Male ,Contractor ,957 
UFgvrxZ ,Male ,Permanent ,599 
tiGWobr ,Male ,Permanent ,490 
RIKozzVnmP ,Male ,Contractor ,308 
rMhOG ,Female ,Permanent ,910 
FhnyZTQRma ,Female ,Contractor ,367 
YNrp ,Female ,Permanent ,263 
frcvzkGQx ,Female ,Permanent ,385 
zgEqs ,Male ,Contractor ,862 
ytuPJDD ,Male ,Contractor ,647 
AFCmlUJZu ,Male ,Permanent ,602 
sLWXfs ,Male ,Permanent ,118 
VWCak ,Male ,Permanent ,433 
PqobNACJ ,Male ,Permanent ,969 
NPWmxo ,Female ,Contractor ,725 
yawzk ,Female ,Permanent ,724 
bRQcESgnoZ ,Male ,Contractor ,755 
pYgDrJHJJ ,Female ,Permanent ,489 
dWtFXlY ,Female ,Contractor ,963 
hHiyZwJovr ,Male ,Permanent ,597 
AmlFyGl ,Female ,Permanent ,995 
MSuGJc ,Male ,Contractor ,387 
RjxI ,Male ,Permanent ,499 
rFUftcDBP ,Male ,Permanent ,244 
raOX ,Male ,Contractor ,397 
CxwLweRNIO ,Male ,Permanent ,959 
jmomb ,Male ,Permanent ,146 
hLyGW ,Male ,Permanent ,235 
XGoEZDON ,Male ,Contractor ,191 
pMjBO ,Male ,Contractor ,734 
kHkgxcH ,Male ,Permanent ,199 
nmXQbnahN ,Female ,Permanent ,398 
YPDSoMwyu ,Male ,Permanent ,827 
jHwJUIjKl ,Male ,Permanent ,636 
FsMIqCl ,Male ,Contractor ,131 
RUNXnXn ,Male ,Contractor ,736 
aTRnfrz ,Male ,Permanent ,9 
rpkvcxlC ,Male ,Permanent ,83 
COtPpXaXA ,Female ,Contractor ,904 
ImcnTuEih ,Male ,Contractor ,935 
pLTPEv ,Female ,Contractor ,167 
xMsX ,Female ,Contractor ,229 
vaKIT ,Male ,Contractor ,98 
pOUE ,Female ,Contractor ,728 
MuAlIUI ,Male ,Permanent ,348 
ZVnvWYFP ,Male ,Contractor ,700 
lhTrobOI ,Male ,Contractor ,909 
shjoV ,Male ,Permanent ,584 
hqKHxbORu ,Female ,Contractor ,188 
WrknCz ,Male ,Contractor ,180 
VKIRD ,Male ,Permanent ,238 
EfrbgIv ,Female ,Contractor ,193 
gWaqjePJSr ,Male ,Contractor ,986 
FEoT ,Male ,Contractor ,208 
tCNDXsBz ,Female ,Permanent ,27 
YhepszG ,Female ,Contractor ,999 
uOXnqxOW ,Male ,Permanent ,808 
QDxpEG ,Male ,Contractor ,371 
NwpmELzOuT ,Female ,Contractor ,527 
qYTkofgGk ,Male ,Contractor ,201 
LVuk ,Male ,Permanent ,903 
XNVnJqUCAR ,Male ,Permanent ,974 
osnVC ,Female ,Permanent ,854 
GODR ,Female ,Permanent ,434 
uiRIRhCtju ,Female ,Contractor ,722 
ZZgUBD ,Male ,Contractor ,582 
KoPkkI ,Male ,Permanent ,931 
OjGTePPtYw ,Male ,Permanent ,126 
uaaMv ,Male ,Contractor ,789 
SMJYSbWj ,Male ,Permanent ,339 
tLur ,Male ,Contractor ,283 
pQuDNI ,Female ,Contractor ,975 
PWzNqc ,Female ,Contractor ,937 
FgIAt ,Female ,Permanent ,706 
POCLrptgmD ,Female ,Permanent ,742 
sZaVpOd ,Male ,Contractor ,618 
bziYk ,Male ,Contractor ,215 
FgELsiHWj ,Female ,Permanent ,796 
nZuEcTChL ,Male ,Contractor ,590 
ttrjEWpijk ,Male ,Permanent ,33 
fbKeXoIs ,Male ,Contractor ,84 
YzCTuTdAQ ,Male ,Permanent ,272 
dsMfojMS ,Female ,Permanent ,266 
bKBt ,Male ,Contractor ,183 
CpKvUkN ,Female ,Contractor ,792 
aHKHxTt ,Female ,Contractor ,547 
ySvZ ,Male ,Contractor ,276 
bBXLzR ,Male ,Permanent ,445 
BgTKQcKlvB ,Male ,Contractor ,545 
eHwRsYz ,Female ,Contractor ,843 
ArepAXsisd ,Male ,Permanent ,288 
sQKgFh ,Male ,Permanent ,775 
gGczHC ,Male ,Permanent ,471 
ZWmTe ,Male ,Permanent ,431 
NpXgadLJP ,Female ,Contractor ,301 
vHhzpt ,Male ,Contractor ,299 
QNVWmb ,Female ,Contractor ,162 
jTBUC ,Male ,Permanent ,559 
CVGLcfb ,Female ,Contractor ,676 
SXFqTt ,Female ,Contractor ,971 
GdXcin ,Male ,Permanent ,585 
beOGMrDNyv ,Female ,Contractor ,841 
QxPNTZ ,Female ,Contractor ,156 
eNVcr ,Female ,Permanent ,639 
vAooe ,Male ,Contractor ,650 
JDGbC ,Female ,Contractor ,695 
aGdNdHG ,Male ,Contractor ,891 
NDQb ,Male ,Contractor ,259 
LeRh ,Male ,Contractor ,681 
NGdsVgC ,Male ,Contractor ,119 
IgIyJRSZ ,Female ,Contractor ,418 
JfhsAyYX ,Male ,Contractor ,185 
DJkGrenBMy ,Male ,Contractor ,56 
XrTYje ,Female ,Permanent ,75 
PWGeEiMht ,Female ,Permanent ,285 
DppbRnS ,Male ,Contractor ,514 
nVPTON ,Female ,Contractor ,941 
jQqWYJu ,Male ,Contractor ,394 
NPVgEq ,Female ,Contractor ,894 
EyxZmM ,Female ,Permanent ,327 
drYB ,Female ,Contractor ,164 
jvBXMY ,Male ,Contractor ,791 
LSJRqIQfW ,Male ,Contractor ,576 
qzGJkepu ,Male ,Contractor ,278 
rWhFXTxGm ,Male ,Permanent ,264 
luVkVbAuHL ,Female ,Permanent ,409 
MVtb ,Male ,Permanent ,430 
PERYQJO ,Male ,Contractor ,740 
BLKCNek ,Female ,Permanent ,872 
nkWHlizWB ,Male ,Permanent ,783 
TDDMjee ,Male ,Contractor ,86 
ZEix ,Female ,Contractor ,654 
EulFro ,Female ,Permanent ,410 
KoNZyu ,Female ,Contractor ,196 
pOAv ,Female ,Permanent ,629 
IFacsi ,Female ,Contractor ,844 
qZiGAG ,Female ,Permanent ,738 
zqDns ,Male ,Contractor ,772 
zlKdDSZ ,Male ,Permanent ,365 
PrxqzZv ,Female ,Contractor ,560 
KbPY ,Female ,Permanent ,427 
GsyLNZannK ,Female ,Permanent ,762 
tdcqUNNDEx ,Female ,Permanent ,58 
qFxWzVkOxk ,Male ,Permanent ,515 
NakIdm ,Female ,Contractor ,565 
cgnKDkM ,Female ,Permanent ,223 
GChdo ,Male ,Contractor ,194 
FLDQOQrn ,Female ,Permanent ,488 
udfgPZx ,Male ,Permanent ,74 
wyMLjc ,Female ,Permanent ,106 
gxZyqOsxFU ,Male ,Contractor ,297 
ZdWbXo ,Male ,Contractor ,543 
HaZhfjQ ,Male ,Contractor ,101 
fgWmDO ,Female ,Permanent ,150 
MYgCHcQFl ,Male ,Permanent ,836 
lWDxXkDTwg ,Male ,Contractor ,524 
TWLREnaiF ,Female ,Contractor ,883 
XzzKXEJUO ,Male ,Contractor ,855 
bIlCBhnUnc ,Female ,Permanent ,443 
SiOHHPIUNm ,Female ,Contractor ,165 
booF ,Female ,Permanent ,932 
KXTXZN ,Female ,Permanent ,643 
fVdVDXkr ,Female ,Permanent ,682 
XhJCFKlEui ,Female ,Contractor ,693 
pTGDpLys ,Female ,Permanent ,540 
UrMNk ,Male ,Contractor ,428 
fYJbJIUt ,Female ,Permanent ,564 
oXwROPLgda ,Male ,Permanent ,439 
dVBMzkuV ,Female ,Contractor ,258 
XlkVkDJ ,Female ,Contractor ,374 
Rkus ,Female ,Permanent ,988 
iuJeqmXXgt ,Male ,Permanent ,351 
BOKMpB ,Female ,Permanent ,715 
POQMknlU ,Male ,Permanent ,363 
IyZr ,Female ,Contractor ,814 
aooo ,Female ,Contractor ,152 
mSaEhM ,Male ,Permanent ,845 
OIeYg ,Female ,Contractor ,3 
ZemnsdUJ ,Female ,Contractor ,55 
xqzjitrMJZ ,Female ,Permanent ,574 
aLgeAVx ,Male ,Contractor ,111 
DOHa ,Male ,Contractor ,426 
bceKEwUOW ,Female ,Contractor ,825 
ECEbZJt ,Male ,Permanent ,68 
Aqmh ,Female ,Contractor ,601 
bLIZF ,Female ,Permanent ,936 
ZWLDxuWfI ,Female ,Contractor ,346 
fSxEPx ,Male ,Permanent ,325 
spMnP ,Female ,Permanent ,25 
ffKebjk ,Male ,Permanent ,868 
mKnJoFJzXt ,Female ,Contractor ,852 
HamQ ,Female ,Permanent ,970 
BhrLRHq ,Male ,Permanent ,401 
HRKqSk ,Female ,Permanent ,634 
nIZbayzxDH ,Male ,Contractor ,187 
dJfRH ,Female ,Contractor ,712 
HhqRtATsN ,Male ,Contractor ,950 
sQBVZcGzpl ,Male ,Permanent ,684 
bCjcjSUDO ,Male ,Permanent ,163 
babfstjQ ,Female ,Permanent ,579 
EHdYmXCqgg ,Female ,Permanent ,821 
NXDv ,Male ,Contractor ,359 
qDXgxKeQp ,Female ,Permanent ,858 
RTtz ,Female ,Contractor ,529 
aNzDL ,Female ,Permanent ,660 
xBzuIW ,Male ,Contractor ,295 
ChLhYFAyg ,Male ,Contractor ,847 
OJazT ,Male ,Contractor ,818 
lodvMi ,Male ,Permanent ,621 
isVgz ,Male ,Contractor ,532 
hQpVzp ,Female ,Permanent ,444 
ikRZnn ,Male ,Contractor ,955 
nUyLCXIlfd ,Female ,Permanent ,379 
WMLRnT ,Female ,Permanent ,337 
mzmMAA ,Male ,Contractor ,110 
XpliW ,Male ,Permanent ,552 
RpxeJmXl ,Female ,Contractor ,671 
lAMLb ,Female ,Contractor ,857 
wlsghKiAXZ ,Male ,Permanent ,756 
iCmVoA ,Female ,Contractor ,341 
MDOqdKUzWO ,Female ,Permanent ,901 
YqWVVX ,Male ,Contractor ,798 
olANNlbTZr ,Female ,Permanent ,245 
FCDl ,Male ,Contractor ,26 
kPBHoIHZn ,Male ,Contractor ,112 
bAOw ,Female ,Contractor ,47 
TSqYXBdRuJ ,Female ,Contractor ,615 
xXuY ,Male ,Permanent ,917 
goaUmc ,Female ,Permanent ,810 
dVyhBqBM ,Female ,Contractor ,214 
mYbNiXZ ,Female ,Permanent ,18 
AcPcLCB ,Female ,Permanent ,376 
oACsOY ,Female ,Contractor ,703 
NhEWegIiVv ,Female ,Permanent ,871 
IopUwoh ,Male ,Permanent ,252 
fjjUODIVJg ,Female ,Permanent ,973 
nMwkykv ,Female ,Contractor ,972 
qYXGkeLtPG ,Male ,Contractor ,268 
WJVKViwrVV ,Male ,Contractor ,129 
xuIWbuaop ,Male ,Permanent ,469 
gQiro ,Male ,Contractor ,655 
fToK ,Male ,Contractor ,525 
xLdWM ,Male ,Contractor ,692 
dlxvu ,Female ,Permanent ,698 
IGHB ,Female ,Contractor ,474 
IIVt ,Female ,Contractor ,834 
pjAgKSjW ,Male ,Contractor ,669 
ofGynQ ,Male ,Contractor ,148 
GrYBm ,Male ,Contractor ,578 
HFcppUyljF ,Female ,Contractor ,109 
TYOuI ,Female ,Contractor ,919 
lrDZlZYvEC ,Female ,Permanent ,254 
iqKXjXVEVl ,Female ,Permanent ,144 
WCxPf ,Female ,Permanent ,249 
wkzIextnF ,Female ,Contractor ,174 
waYTmzZxK ,Female ,Contractor ,316 
GfnLElxd ,Female ,Permanent ,570 
IbsN ,Male ,Contractor ,361 
BXLAHib ,Male ,Contractor ,707 
VCXsFtwIL ,Male ,Permanent ,803 
dlvs ,Female ,Contractor ,563 
SWoa ,Female ,Permanent ,293 
fIdI ,Female ,Permanent ,820 
xOIpc ,Male ,Permanent ,815 
nXsJEMhu ,Female ,Permanent ,708 
GvSQ ,Male ,Contractor ,533 
jdvRtagnoT ,Female ,Permanent ,897 
PATLPAmC ,Female ,Permanent ,978 
ldYRmixjB ,Female ,Permanent ,190 
xdkJRVar ,Male ,Permanent ,267 
AkhVKRJpQc ,Male ,Contractor ,642 
bRUNBrQLCj ,Female ,Permanent ,956 
qvVZT ,Male ,Contractor ,653 
igXIGkmZ ,Female ,Permanent ,399 
rlcAuJeTcP ,Female ,Contractor ,530 
SWcWtldSvJ ,Female ,Permanent ,435 
inGbaIdur ,Female ,Permanent ,696 
YUMkNlnJE ,Male ,Permanent ,22 
dKJNXpPXX ,Male ,Permanent ,627 
JLcIiqSVB ,Male ,Contractor ,838 
vGBUH ,Male ,Permanent ,481 
FGkDfFZ ,Female ,Permanent ,851 
LSTEnOfUx ,Male ,Contractor ,573 
doCLXug ,Male ,Permanent ,750 
aGgJpRX ,Female ,Contractor ,885 
iRaxtuswlw ,Male ,Contractor ,124 
UbIAJUrd ,Female ,Contractor ,542 
EOUch ,Male ,Permanent ,882 
tOjkgwD ,Male ,Permanent ,368 
Qsviv ,Female ,Permanent ,290 
gFmxzQ ,Female ,Permanent ,329 
gCASIyvZOe ,Female ,Permanent ,340 
lCgTInHHM ,Male ,Permanent ,608 
sTevLpT ,Male ,Permanent ,279 
SrkpiEAKK ,Male ,Contractor ,382 
elCSPpuJiy ,Female ,Permanent ,984 
efKtX ,Female ,Contractor ,173 
JQzWLVvQZH ,Female ,Permanent ,87 
NjUmQSBqyj ,Female ,Permanent ,318 
VUhLVdZ ,Female ,Permanent ,210 
kNjiz ,Female ,Contractor ,13 
hOOZmX ,Female ,Contractor ,197 
BBgIOb ,Female ,Permanent ,332 
MzuVjTuAPf ,Female ,Permanent ,675 
rRPuxbxYKI ,Female ,Contractor ,589 
HNltOhRXC ,Female ,Contractor ,691 
jZpVrgm ,Male ,Contractor ,178 
GztVNR ,Male ,Permanent ,139 
SUuJRWwQQ ,Male ,Contractor ,347 
JPJWVyHBYC ,Female ,Contractor ,780 
jDMDxgOoEN ,Female ,Contractor ,315 
NnGw ,Female ,Permanent ,816 
CPiBce ,Male ,Permanent ,895 
HugxZTe ,Female ,Permanent ,966 
mvHoO ,Female ,Contractor ,177 
STqtyWWOfk ,Male ,Contractor ,480 
kEiQciGn ,Female ,Permanent ,779 
sXcYH ,Female ,Permanent ,630 
FYynLFC ,Female ,Contractor ,953 
ZweTWhRD ,Male ,Contractor ,155 
jjTkYgP ,Female ,Contractor ,392 
tQjq ,Male ,Contractor ,812 
PodUt ,Male ,Permanent ,757 
aDnM ,Female ,Permanent ,29 
zhRuzCKu ,Male ,Permanent ,819 
OdZSYV ,Male ,Permanent ,763 
oMFB ,Female ,Contractor ,623 
oVOHpnjC ,Male ,Permanent ,117 
zuZzOzWw ,Male ,Permanent ,833 
WGnXpJE ,Female ,Permanent ,951 
XAsLgQkd ,Female ,Contractor ,224 
hsNrsXoY ,Female ,Permanent ,411 
sWamJBuG ,Male ,Contractor ,274 
eepw ,Male ,Contractor ,438 
aaSVXgvJU ,Male ,Contractor ,421 
HatiX ,Female ,Contractor ,354 
qbKMSVB ,Female ,Contractor ,668 
saUOJqBpel ,Female ,Permanent ,701 
jQrg ,Female ,Contractor ,132 
xCtYxQblLb ,Female ,Permanent ,837 
CCFpaOXfUJ ,Female ,Contractor ,50 
vzgSDztaSu ,Female ,Permanent ,355 
gMyIQFARt ,Male ,Contractor ,31 
bybYXis ,Female ,Permanent ,511 
IsIG ,Male ,Permanent ,562 
bCqa ,Female ,Permanent ,908 
IJWGiGBkQ ,Male ,Permanent ,592 
hEcxs ,Male ,Contractor ,331 
zVoggHPPf ,Female ,Contractor ,493 
CLxZJ ,Female ,Permanent ,687 
vFOJGlXNT ,Male ,Permanent ,823 
zJXYUblTbU ,Male ,Permanent ,993 
EtayqGOZ ,Female ,Permanent ,661 
SEdcsDLRd ,Female ,Contractor ,813 
iaCTgJ ,Female ,Permanent ,220 
GFYHJQlM ,Female ,Permanent ,828 
XUOsKOO ,Female ,Contractor ,652 
IMJbLSj ,Female ,Contractor ,877 
mgvs ,Male ,Permanent ,720 
sjHhz ,Male ,Permanent ,938 
xXwI ,Male ,Contractor ,892 
AuKZmMNt ,Female ,Contractor ,319 
PGjwpIapC ,Female ,Permanent ,286 
XOXinZfYA ,Male ,Contractor ,958 
xZQHXHpYX ,Male ,Contractor ,41 
jLLgvAfAah ,Male ,Permanent ,522 
KuUT ,Female ,Contractor ,952 
QTqO ,Female ,Permanent ,544 
iqRv ,Male ,Contractor ,64 
pyOJmL ,Male ,Contractor ,657 
fvbAL ,Male ,Contractor ,349 
erPzS ,Female ,Permanent ,62 
OejbZIg ,Male ,Contractor ,516 
jaaK ,Male ,Contractor ,380 
JutdAqe ,Female ,Contractor ,133 
ZwxjC ,Female ,Permanent ,864 
wJOgWgNk ,Male ,Permanent ,121 
oVpPOt ,Female ,Permanent ,697 
eMFPQtcAg ,Female ,Contractor ,799 
wSbOund ,Male ,Contractor ,929 
LqKPcph ,Male ,Permanent ,414 
PkGlUQOqkr ,Male ,Contractor ,415 
XIefIiQAT ,Male ,Contractor ,765 
ztyVKk ,Female ,Contractor ,72 
AngMlrQq ,Male ,Contractor ,659 
tPIeeh ,Male ,Contractor ,523 
tisONUQ ,Female ,Contractor ,633 
uoBqFMWJT ,Female ,Contractor ,395 
NmzVEP ,Female ,Permanent ,960 
EJBaf ,Female ,Contractor ,770 
DrDpnOK ,Male ,Permanent ,622 
kaFlVjCfk ,Female ,Contractor ,865 
GoyDRQIIdx ,Male ,Permanent ,807 
FjacVeKfNf ,Female ,Permanent ,605 
CCNV ,Female ,Permanent ,561 
xBqmJAOLvS ,Male ,Contractor ,236 
amepqLRT ,Female ,Permanent ,88 
Sjsq ,Male ,Contractor ,181 
dMtOJNMLV ,Male ,Permanent ,232 
DyEWrgleeG ,Female ,Permanent ,569 
nSTRxhMOQA ,Male ,Permanent ,991 
eFxe ,Female ,Contractor ,2 
hcWpqtNbG ,Female ,Permanent ,788 
EMtvO ,Female ,Contractor ,130 
VrpsYan ,Female ,Contractor ,785 
plPIZ ,Male ,Contractor ,832 
Qouek ,Male ,Contractor ,140 
HpnAgFyI ,Male ,Contractor ,206 
PflaGE ,Female ,Permanent ,137 
mmNEiVW ,Male ,Contractor ,667 
TrqBombGIt ,Female ,Contractor ,456 
xLiRwL ,Male ,Contractor ,786 
tWIKI ,Male ,Permanent ,34 
CjGKRBXm ,Male ,Permanent ,353 
cglIqO ,Female ,Contractor ,685 
WVzCYNz ,Female ,Contractor ,876 
BELa ,Male ,Contractor ,123 
WSfcFpU ,Male ,Permanent ,591 
OEdngcaiFt ,Female ,Contractor ,71 
dwqNq ,Female ,Contractor ,905 
nqRJmbPuPV ,Female ,Permanent ,451 
MHZHZvgcuZ ,Male ,Contractor ,321 
wrnn ,Female ,Permanent ,378 
PTJtxQH ,Female ,Contractor ,793 
XIhWZtQBOO ,Female ,Permanent ,603 
xeTgZrXH ,Male ,Permanent ,888 
DummqlGI ,Male ,Permanent ,979 
AZgCRvCobw ,Male ,Contractor ,867 
PmftQ ,Female ,Contractor ,311 
ihdsjcyLv ,Male ,Contractor ,645 
OjxdFGSR ,Female ,Contractor ,648 
OLmYPuHS ,Male ,Permanent ,940 
eqKUCg ,Female ,Permanent ,338 
SoHmBuX ,Male ,Permanent ,200 
mvwTnK ,Male ,Permanent ,923 
DkkfTu ,Male ,Contractor ,282 
OQBqMz ,Male ,Permanent ,391 
cYJauyKG ,Male ,Contractor ,787 
ItoEoO ,Male ,Contractor ,595 
tTvXte ,Female ,Contractor ,366 
ottC ,Female ,Permanent ,52 
xsOCZvXQ ,Male ,Permanent ,980 
lOdzKx ,Male ,Contractor ,861 
lGlI ,Female ,Permanent ,291 
WJSyNEvn ,Male ,Permanent ,805 
wFizHuyI ,Female ,Contractor ,345 
UUJTeLQ ,Male ,Contractor ,251 
KOqWcmqaR ,Female ,Contractor ,436 
Zsgi ,Male ,Contractor ,369 
axJtAthsRL ,Male ,Permanent ,782 
owIOHfpBN ,Male ,Contractor ,869 
ByWdWhwYcf ,Female ,Permanent ,179 
DFtoUPzk ,Male ,Permanent ,795 
urMqvIZ ,Male ,Contractor ,287 
ZPpThOFfUH ,Female ,Contractor ,8 
bFNNyKX ,Male ,Contractor ,134 
WWdWVulqd ,Male ,Contractor ,878 
DqjOMM ,Male ,Permanent ,754 
MwRsdqVmO ,Female ,Permanent ,468 
Wipyea ,Female ,Contractor ,521 
YFqUHPoVNf ,Male ,Permanent ,946 
oHXZXjy ,Male ,Contractor ,457 
CrUSWuxmQG ,Male ,Permanent ,7 
OmFUAnSAM ,Male ,Contractor ,32 
YeHpAbNxbC ,Female ,Contractor ,195 
LBiF ,Male ,Contractor ,473 
lYHqW ,Female ,Contractor ,59 
dajLwwPgcG ,Female ,Permanent ,983 
raXFlxOBW ,Male ,Contractor ,265 
BNFct ,Female ,Contractor ,250 
OALfuLYXIf ,Male ,Permanent ,831 
OQopDTUW ,Female ,Permanent ,458 
wqJybq ,Female ,Contractor ,840 
FqojoF ,Female ,Contractor ,911 
AqDd ,Male ,Permanent ,498 
vYrmSRJVw ,Female ,Permanent ,913 
SJxp ,Male ,Permanent ,12 
bHaL ,Female ,Contractor ,503 
JrHjkTEbf ,Male ,Contractor ,954 
ixht ,Male ,Contractor ,45 
DgYlgJQO ,Male ,Permanent ,1000 
izDodIp ,Female ,Contractor ,304 
LIjhUgmae ,Female ,Contractor ,942 
QpUHxE ,Male ,Permanent ,166 
kiOzodNZM ,Male ,Contractor ,553 
VHOUqeKNw ,Female ,Contractor ,632 
NLYixKTN ,Female ,Contractor ,404 
crnjOw ,Female ,Contractor ,739 
tbZskcrAO ,Male ,Contractor ,240 
dAnNTQw ,Male ,Permanent ,305 
CMZN ,Female ,Contractor ,593 
hrpVjz ,Female ,Permanent ,186 
cSgTo ,Female ,Permanent ,242 
pHJRuK ,Male ,Permanent ,899 
BdhS ,Male ,Permanent ,334 
OsbzvvhQJN ,Male ,Contractor ,518 
gWzoqtuwpj ,Male ,Permanent ,866 
WGdnSw ,Female ,Contractor ,390 
oAuuYTkp ,Female ,Permanent ,170 
ObWA ,Male ,Contractor ,160 
gxTVSRg ,Female ,Contractor ,491 
MYkn ,Male ,Contractor ,566 
UKyCiT ,Male ,Permanent ,476 
sncH ,Male ,Contractor ,743 
iYsKRfBLP ,Female ,Contractor ,344 
VmPOmrbsbQ ,Male ,Contractor ,1 
gGqOO ,Male ,Permanent ,406 
mbuDPLghoW ,Female ,Permanent ,607 
WIZnaInjUr ,Female ,Permanent ,389 
MPTpEgXMv ,Male ,Permanent ,939 
bnhlmu ,Male ,Permanent ,726 
qBDqvd ,Male ,Permanent ,778 
NGaUD ,Female ,Permanent ,492 
rkAErLs ,Female ,Contractor ,926 
xHzCz ,Female ,Contractor ,873 
ZIpsH ,Female ,Permanent ,723 
KdJX ,Male ,Contractor ,313 
kvGJSmPIKP ,Female ,Contractor ,500 
GeXRWNi ,Male ,Permanent ,981 
ZExinqu ,Male ,Contractor ,213 
nvMBS ,Female ,Contractor ,554 
AvhI ,Male ,Contractor ,800 
vLXZ ,Female ,Contractor ,182 
SdjOqFB ,Female ,Contractor ,947 
uperwotypc ,Female ,Permanent ,921 
mbCDEfX ,Male ,Contractor ,679 
TnuTJY ,Male ,Contractor ,78 
cvhGtuWo ,Female ,Contractor ,37 
oYjh ,Female ,Contractor ,103 
HbUzd ,Female ,Contractor ,40 
izofu ,Female ,Contractor ,420 
vfNhPYmTu ,Female ,Permanent ,694 
mJBRBm ,Male ,Contractor ,6 
NiShL ,Female ,Contractor ,587 
iPgX ,Male ,Contractor ,271 
bOtKR ,Female ,Permanent ,413 
reTaPwdR ,Male ,Contractor ,96 
xAehOJi ,Male ,Permanent ,449 
qKAgnxgEB ,Female ,Contractor ,459 
VwTBKqDOZ ,Female ,Contractor ,771 
eTwq ,Male ,Permanent ,30 
kiUoRpOb ,Female ,Permanent ,310 
Knpan ,Male ,Contractor ,964 
CydSuhwp ,Male ,Permanent ,519 
hAYUMmL ,Female ,Contractor ,375 
zzuEA ,Male ,Permanent ,824 
kzcWH ,Female ,Contractor ,674 
BnabhNPScs ,Female ,Contractor ,57 
nYonWL ,Female ,Contractor ,21 
ujXxwXzf ,Male ,Permanent ,663 
jnhDbvdqI ,Female ,Contractor ,108 
aAOVElppiN ,Female ,Permanent ,784 
Ermpgu ,Male ,Permanent ,774 
aBxDhpDjFa ,Male ,Contractor ,23 
ismgzDsO ,Male ,Permanent ,176 
ulBzst ,Female ,Permanent ,567 
vWtC ,Female ,Contractor ,635 
jVIemU ,Female ,Permanent ,646 
nDlF ,Female ,Permanent ,879 
aRTyNX ,Male ,Contractor ,920 
eRDidZcy ,Male ,Permanent ,357 
cOycfI ,Female ,Contractor ,961 
Jhta ,Male ,Permanent ,526 
QiZS ,Female ,Permanent ,227 
Qmgpp ,Female ,Contractor ,209 
mMtWH ,Male ,Contractor ,549 
GDQwMso ,Female ,Permanent ,298 
XGVUy ,Male ,Contractor ,161 
zGJvg ,Female ,Contractor ,222 
iZyZv ,Male ,Contractor ,324 
rxpmVdsFfS ,Male ,Permanent ,281 
HLgPKEO ,Male ,Contractor ,848 
vhDSkx ,Female ,Permanent ,596 
FGIFHRqpjC ,Female ,Permanent ,465 
rhCqwTn ,Male ,Contractor ,226 
QTGvcyos ,Male ,Contractor ,609 
ayNUFR ,Female ,Permanent ,204 
HAdNLqjBMs ,Male ,Permanent ,907 
ZbNLFxnQHU ,Female ,Permanent ,475 
DVGpnf ,Female ,Permanent ,175 
mHnat ,Female ,Permanent ,651 
cEsmixiqNv ,Female ,Contractor ,686 
hPYVV ,Male ,Permanent ,277 
JiDSkhMZ ,Male ,Contractor ,440 
zeDSHUDP ,Male ,Permanent ,572 
WOji ,Male ,Permanent ,689 
fmhmB ,Male ,Permanent ,422 
mkvrE ,Male ,Contractor ,508 
aliJzfy ,Female ,Permanent ,450 
YSGz ,Male ,Permanent ,65 
ApDjJfXS ,Male ,Contractor ,902 
HobV ,Male ,Permanent ,256 
ExBe ,Female ,Contractor ,472 
jGalV ,Male ,Permanent ,644 
ZCSyPboty ,Female ,Permanent ,769 
RqveKGPSjC ,Female ,Contractor ,583 
TFor ,Female ,Permanent ,976 
YXFRj ,Male ,Permanent ,482 
GDfj ,Male ,Contractor ,711 
fDVYAMI ,Male ,Contractor ,747 
aZCIbpz ,Female ,Permanent ,73 
pLOzyNf ,Male ,Contractor ,253 
sRoK ,Female ,Contractor ,484 
cJgdBhron ,Female ,Contractor ,536 
ZINeBpmT ,Female ,Permanent ,453 
iJwkt ,Female ,Permanent ,212 
iDupHUNpv ,Male ,Contractor ,839 
PxCq ,Female ,Contractor ,127 
frLknCShp ,Female ,Contractor ,38 
FLEvFE ,Female ,Contractor ,151 
MwrGeloHSF ,Female ,Permanent ,749 
xCogHd ,Male ,Contractor ,802 
Cudk ,Female ,Contractor ,718 
dmUyRO ,Male ,Contractor ,673 
vFZjWWsu ,Female ,Permanent ,752 
oOVhMiMYEk ,Male ,Contractor ,914 
lrjtoPs ,Female ,Contractor ,24 
jpjicxW ,Male ,Permanent ,470 
nFAhTd ,Male ,Permanent ,710 
aNps ,Male ,Contractor ,386 
nbQvdPTfWe ,Female ,Permanent ,362 
omrUDYRd ,Male ,Permanent ,934 
cAldqi ,Male ,Permanent ,43 
exwjVKXPE ,Female ,Permanent ,486 
zJCmoSuz ,Male ,Permanent ,842 
hTdDEBQBq ,Male ,Permanent ,968 
cNDBmP ,Female ,Contractor ,612 
veAtTh ,Male ,Contractor ,261 
nYWfVcm ,Female ,Contractor ,273 
CMYPBEQgcl ,Male ,Contractor ,269 
ktYsN ,Female ,Contractor ,417 
HHBQCdCA ,Female ,Permanent ,99 
IYypfDA ,Male ,Contractor ,580 
cxLQisZ ,Male ,Contractor ,168 
mElRkYDv ,Female ,Permanent ,933 
pfsFKPq ,Female ,Permanent ,927 
nVDeh ,Female ,Contractor ,768 
repPHZsq ,Male ,Contractor ,230 
IhkKW ,Male ,Contractor ,761 
RNRLtg ,Female ,Permanent ,558 
VJNxFGhNng ,Male ,Permanent ,85 
qzWS ,Male ,Permanent ,670 
xYfS ,Male ,Contractor ,157 
aJMhZanvWI ,Female ,Contractor ,360 
HXYTB ,Male ,Contractor ,464 
YPkProV ,Male ,Contractor ,945 
kQwgybVh ,Female ,Contractor ,764 
GYlgpX ,Female ,Contractor ,705 
AQCdpoTnv ,Male ,Contractor ,889 
uzfxanMvv ,Male ,Contractor ,748 
fYnvrql ,Female ,Contractor ,507 
mpHfIbfcB ,Female ,Contractor ,461 
yYfGzjn ,Female ,Permanent ,811 
hBYLiCO ,Male ,Contractor ,555 
YBxZ ,Male ,Permanent ,501 
fElPHM ,Male ,Permanent ,850 
yNTxNIJ ,Female ,Permanent ,352 
DkeypJ ,Male ,Contractor ,309 
IImyyGHLZf ,Male ,Contractor ,333 
WxfSapWyhh ,Female ,Contractor ,207 
bGWCnXzUnd ,Female ,Permanent ,626 
tHmSHV ,Male ,Contractor ,20 
zLoUlyytu ,Female ,Permanent ,114 
dgHL ,Male ,Permanent ,628 
sZEFPaQnyk ,Female ,Permanent ,452 
YoNlm ,Female ,Permanent ,992 
NswUJ ,Female ,Contractor ,620 
JCsoJqCY ,Male ,Contractor ,699 
oUGJoyZix ,Male ,Contractor ,611 
PvfaYx ,Female ,Permanent ,116 
JshIcFGsTB ,Male ,Permanent ,550 
uhkPnkNKz ,Male ,Permanent ,649 
BQzIwRdzs ,Male ,Permanent ,328 
pOnJWyajI ,Female ,Permanent ,513 
hMXPLqTkID ,Female ,Contractor ,454 
covs ,Male ,Contractor ,994 
djtr ,Male ,Permanent ,147 
PjgUKxtd ,Female ,Permanent ,149 
Sgxna ,Female ,Permanent ,962 
GadQjIrMxc ,Female ,Contractor ,773 
yrwHjCGY ,Male ,Contractor ,11 
DnNlgz ,Male ,Permanent ,859 
pOMjkVUoBv ,Male ,Contractor ,125 
HEultJYzLL ,Female ,Contractor ,497 
GWKrIGlyJi ,Female ,Permanent ,616 
SjqOWJy ,Female ,Permanent ,829 
iHQrbWQe ,Male ,Contractor ,322 
xKwGRqypVN ,Female ,Contractor ,487 
bNNUqJKu ,Female ,Contractor ,575 
ZBTlzbFszU ,Male ,Contractor ,412 
RUQONL ,Male ,Permanent ,586 
nhDSzEoote ,Female ,Permanent ,228 
rYOCCGYs ,Male ,Permanent ,996 
LzVZSZ ,Male ,Permanent ,600 
bJrHHJ ,Female ,Contractor ,856 
wlbrSpsNoN ,Male ,Permanent ,396 
sDVJMeUqa ,Female ,Permanent ,505 
EMdwbX ,Female ,Contractor ,875 
Wfzb ,Female ,Contractor ,496 
FqoO ,Male ,Contractor ,617 
ToLQWkR ,Female ,Contractor ,423 
naaCqFuEVe ,Male ,Contractor ,702 
cSUTgKr ,Female ,Permanent ,637 
BKKod ,Male ,Contractor ,631 
pWVsq ,Female ,Contractor ,231 
HSktRZyT ,Female ,Contractor ,10 
HkkW ,Male ,Permanent ,383 
nNlRARa ,Female ,Permanent ,846 
hYhaRqkbn ,Female ,Contractor ,541 
oYPQTtk ,Male ,Permanent ,817 
nDyos ,Female ,Contractor ,604 
zENSqT ,Female ,Permanent ,672 
TClTR ,Female ,Contractor ,115 
ludhetDD ,Male ,Contractor ,462 
oIqDqLgdF ,Male ,Contractor ,372 
JnCBl ,Female ,Contractor ,890 
vnYTSkZe ,Female ,Permanent ,350 
keKxHmDOe ,Female ,Permanent ,77 
sfAhdVaPVG ,Male ,Contractor ,985 
gqMsvdYr ,Female ,Permanent ,733 
xfIC ,Male ,Contractor ,49 
YWCG ,Male ,Permanent ,203 
dLcViJg ,Male ,Permanent ,370 
qxSSdRsaV ,Male ,Permanent ,977 
FyyjeMNBww ,Female ,Contractor ,466 
oToGvjgjx ,Female ,Permanent ,335 
KNNwAoSyad ,Female ,Permanent ,751 
CuKRn ,Female ,Contractor ,467 
gtJmdntp ,Male ,Permanent ,870 
IRzxtv ,Male ,Permanent ,916 
yIvgVZdCc ,Female ,Permanent ,455 
axbS ,Male ,Contractor ,128 
aYHwjLQ ,Male ,Contractor ,949 
oTdwsjYNvW ,Male ,Permanent ,806 
aLuaJE ,Male ,Permanent ,690 
pMLSEB ,Female ,Contractor ,982 
sVsptKVqM ,Male ,Permanent ,255 
RBCGdus ,Male ,Permanent ,16 
HOeZJYoFk ,Female ,Contractor ,53 
mtkecZ ,Female ,Contractor ,709 
iyXymXpnE ,Female ,Contractor ,794 
GrAifv ,Female ,Permanent ,990 
wOOwoO ,Female ,Permanent ,312 
YidpkN ,Male ,Permanent ,19 
aRmY ,Male ,Contractor ,441 
BJPAmWXkGD ,Female ,Permanent ,159 
EYZQyhtueK ,Female ,Permanent ,432 
Rdmq ,Female ,Permanent ,880 
iJfdGk ,Male ,Contractor ,172 
FUJxKCr ,Male ,Permanent ,280 
qcmaosd ,Male ,Permanent ,336 
bYdKwOO ,Male ,Contractor ,613 
hhjXZOMac ,Female ,Permanent ,184 
dFbeDeqZ ,Male ,Permanent ,113 
tUsUIG ,Male ,Permanent ,373 
GJuJ ,Female ,Permanent ,571 
khBs ,Male ,Contractor ,342 
vnklkchmjB ,Female ,Permanent ,884 
oSsRFD ,Female ,Contractor ,777 
OXADAIwbE ,Female ,Permanent ,429 
abKzzFSx ,Male ,Permanent ,138 
ratRIru ,Female ,Permanent ,69 
owJxyEQK ,Male ,Contractor ,510 
Qxkl ,Female ,Contractor ,538 
pdptOdpihh ,Female ,Contractor ,853 
hOXsFYHfos ,Male ,Contractor ,504 
YcaFJQYds ,Male ,Permanent ,809 
vbyRT ,Male ,Contractor ,730 
bdKiNcIQ ,Male ,Permanent ,306 
iutXm ,Female ,Permanent ,766 
nlYWPZes ,Male ,Contractor ,835 
ioUO ,Male ,Contractor ,221 
MJlZhw ,Female ,Permanent ,28 
FFkXztfOP ,Female ,Permanent ,849 
HAFSboQPr ,Male ,Permanent ,14 
xDmcKwa ,Female ,Permanent ,35 
yKYdeZUVP ,Female ,Contractor ,67 
ftYJ ,Male ,Permanent ,141 
avZWvJU ,Male ,Contractor ,614 
lMgO ,Male ,Permanent ,343 
AffgbqWR ,Male ,Contractor ,760 
YAOHQiXv ,Female ,Permanent ,46 
qzqE ,Female ,Contractor ,717 
XcyyIe ,Female ,Permanent ,886 
LEwebreEoW ,Female ,Contractor ,63 
zQXSrKb ,Female ,Contractor ,95 
keHYxVl ,Female ,Contractor ,39 
mkYUWf ,Female ,Permanent ,79 
vcwLdO ,Female ,Permanent ,358 
jMmtmgRrE ,Male ,Permanent ,60 
zMVbjYA ,Male ,Permanent ,97 
inMXWpXI ,Female ,Contractor ,688 
bqjGrW ,Female ,Contractor ,211 
FoIrN ,Male ,Contractor ,568 
vrXymFA ,Female ,Contractor ,171 
SjSavfk ,Female ,Permanent ,665 
XvkV ,Male ,Contractor ,320 
FuAARLI ,Female ,Permanent ,82 
meLC ,Female ,Contractor ,714 
gRUqyIfbc ,Male ,Permanent ,727 
eltpqYDOoy ,Female ,Contractor ,887 
OfSQD ,Female ,Permanent ,225 
ZbMQADdG ,Male ,Permanent ,781 
HKRuli ,Male ,Permanent ,247 
iGOYg ,Male ,Contractor ,169 
UvUoGcw ,Male ,Permanent ,70 
DxgM ,Male ,Contractor ,136 
froQSLN ,Female ,Permanent ,407 
maaJIo ,Male ,Permanent ,44 
JHYzZ ,Male ,Permanent ,998 
OCwlOYl ,Male ,Contractor ,729 
lmxwv ,Female ,Contractor ,36 
RxKVUVJSIk ,Female ,Contractor ,744 
BGJouJKP ,Female ,Permanent ,662 
VPotbjPy ,Female ,Permanent ,270 
gkEovSI ,Male ,Permanent ,153 
HFGxTBaEq ,Male ,Contractor ,104 
ZKdpLb ,Male ,Contractor ,294 
OiBvTHJk ,Female ,Permanent ,15 
GdcpCDBiTm ,Male ,Contractor ,638 
KEib ,Female ,Contractor ,965 
wnEMK ,Female ,Contractor ,289 
lSUygGH ,Female ,Contractor ,323 
fNALlkvm ,Male ,Permanent ,92 
EzvwPJgp ,Male ,Permanent ,517 
OjrB ,Female ,Permanent ,302 
pVqDALLu ,Male ,Contractor ,158 
butvyMlM ,Female ,Permanent ,292 
DzRcwgzMKZ ,Female ,Permanent ,721 
JnDNozgl ,Male ,Contractor ,42 
dRBwTXD ,Female ,Contractor ,640 
QdvGGLwHt ,Male ,Permanent ,326 
szESeXtB ,Male ,Contractor ,704 
UGhcr ,Female ,Contractor ,80 
mlckgf ,Male ,Contractor ,307 
BvrcpYL ,Female ,Contractor ,416 
pfcPsTVbX ,Male ,Permanent ,384 
ebfB ,Male ,Permanent ,745 
RqoXoGFkt ,Male ,Contractor ,425 
OguKd ,Male ,Permanent ,241 
GSKfgqKrl ,Female ,Permanent ,506 
JGZWi ,Male ,Contractor ,94 
UlPRaT ,Male ,Contractor ,257 
ORHNNrex ,Female ,Permanent ,625 
OBWDDODLPr ,Female ,Permanent ,205 
Odoa ,Male ,Contractor ,48 
WkRHzSO ,Male ,Permanent ,881 
cOpSOMspz ,Female ,Permanent ,442 
waUdboun ,Male ,Contractor ,606 
GPJWBblb ,Female ,Contractor ,402 
zdJCzlwfm ,Female ,Contractor ,102 
TbqCXtfL ,Female ,Permanent ,364 
zKyKOz ,Male ,Permanent ,520 
qMLKlXKxL ,Female ,Permanent ,598 
nPTW ,Female ,Contractor ,874 
HDvydnj ,Male ,Permanent ,424 
LSlcfzJz ,Male ,Contractor ,758 
dFGAVrGq ,Male ,Permanent ,680 
ieyHdCpihw ,Male ,Contractor ,581 
AmyJWUaEl ,Male ,Permanent ,478 
VSIwONg ,Female ,Permanent ,419 
EqdE ,Female ,Contractor ,912 
hshZ ,Male ,Contractor ,135 
NvQDybE ,Male ,Permanent ,677 
ZnfCSfkZM ,Male ,Permanent ,202 
OuSWbRLgtD ,Female ,Contractor ,107 
yqXS ,Female ,Contractor ,437 
DBOFZmxXe ,Male ,Permanent ,408 
NexuVs ,Female ,Permanent ,51 
Ngqkd ,Female ,Permanent ,317 
LfjHCBJ ,Female ,Contractor ,4 
rGEtHjWmQa ,Female ,Permanent ,463 
bpWLwkFTwf ,Female ,Contractor ,713 
fIMIAkVyuB ,Female ,Permanent ,381 
wCtvasxW ,Male ,Contractor ,377 
Flbzzc ,Female ,Contractor ,405 
VEfQanj ,Male ,Permanent ,531 
oPmqRLUg ,Male ,Permanent ,509 
grrK ,Female ,Permanent ,89 
YcsH ,Female ,Contractor ,246 
OcaBjK ,Female ,Permanent ,154 
zFZR ,Male ,Permanent ,61 
JuNVP ,Male ,Permanent ,588 
MtBAbXFQ ,Female ,Permanent ,356 
sOkQMNOv ,Male ,Contractor ,719 
tjsavkOJI ,Female ,Permanent ,512 
PFmU ,Female ,Contractor ,997 
yFQJGiMSQD ,Male ,Contractor ,737 
QmUQm ,Male ,Permanent ,93 
DKjBIFQ ,Female ,Permanent ,551 
sSLUPxhK ,Female ,Permanent ,217 
XLxRJ ,Male ,Contractor ,790 
ZiBllIn ,Female ,Contractor ,262 
LCiHLt ,Female ,Contractor ,915 
jOLUXwng ,Male ,Contractor ,248 
ZzQfWRf ,Female ,Contractor ,987 
AjwtTiT ,Female ,Contractor ,656 
WIWEPDNv ,Male ,Contractor ,388 
BXNiaX ,Female ,Permanent ,17 
INgAnjZC ,Female ,Contractor ,300 
ThQGn ,Female ,Permanent ,485 
FXWH ,Male ,Permanent ,528 
vzcz ,Female ,Contractor ,753 
Qrim ,Female ,Permanent ,967 
YiIB ,Male ,Contractor ,930 
IHUODXSjy ,Female ,Permanent ,658 
staOhDoCNM ,Male ,Permanent ,233 
wuawS ,Female ,Permanent ,122 
ssIItCXsRm ,Male ,Contractor ,218 
gupJl ,Male ,Contractor ,477 
yPhBb ,Male ,Contractor ,776 
kSBk ,Female ,Contractor ,759 
AzEFAg ,Female ,Contractor ,446 
Yuge ,Male ,Contractor ,893 
itrSah ,Male ,Permanent ,237 
OaiLmqe ,Male ,Permanent ,925 
VMnIzJRJ ,Female ,Permanent ,192 
EfbOErBJ ,Male ,Permanent ,826 
UyytMoGj ,Male ,Permanent ,943 
bbPrSeN ,Female ,Contractor ,735 
uhwZ ,Male ,Permanent ,610 
xExPaS ,Male ,Contractor ,234 
SDYbxtl ,Male ,Permanent ,924 
mQcgjfO ,Male ,Contractor ,460 
FlVMlIkhzJ ,Male ,Contractor ,900 
bZzVQd ,Female ,Permanent ,535 
FqdzZXlhC ,Female ,Contractor ,494 
YEOLNOJb ,Male ,Contractor ,731 
oFhwtr ,Female ,Permanent ,100 
TtPtNKshAz ,Female ,Permanent ,822 
EvsUj ,Female ,Contractor ,495 
dglfGZdia ,Male ,Contractor ,189 
RchCghv ,Female ,Permanent ,105 
dGTM ,Female ,Permanent ,928 
IXaLdsoP ,Female ,Permanent ,314 
VSUPYCxO ,Female ,Permanent ,403 
AyRpaR ,Female ,Permanent ,666 
EOzZ ,Male ,Permanent ,767 
