nkBK ,Male ,Permanent ,25 
GCoRJRCnQm ,Male ,Contractor ,7 
QooyLj ,Male ,Contractor ,18 
OAmddiP ,Female ,Contractor ,16 
uwFj ,Female ,Contractor ,28 
vrjKhIXrX ,Male ,Contractor ,42 
UPwXXN ,Male ,Contractor ,48 
EPsqEL ,Male ,Contractor ,22 
htrrqk ,Female ,Permanent ,9 
MXijwgyFqR ,Female ,Contractor ,12 
NNxGL ,Male ,Permanent ,34 
loPwfKayw ,Female ,Contractor ,20 
pGBFxUEGir ,Female ,Permanent ,38 
ntEM ,Female ,Contractor ,26 
ANfAjFJ ,Female ,Contractor ,21 
EIWbmDLgz ,Female ,Permanent ,13 
BPtIkYNmnS ,Male ,Permanent ,30 
RcyqjgnMVQ ,Female ,Contractor ,4 
ibWJQRra ,Male ,Contractor ,1 
zdCyDu ,Female ,Contractor ,27 
zYhpviImq ,Male ,Permanent ,19 
ZTFqAt ,Female ,Permanent ,11 
ZscDFoPeOW ,Female ,Permanent ,5 
WQfy ,Male ,Contractor ,45 
oxQnwPFb ,Male ,Permanent ,8 
RGFNPlrN ,Male ,Permanent ,49 
zgDv ,Male ,Permanent ,41 
MzyCGzwVq ,Male ,Permanent ,46 
QbsDn ,Female ,Permanent ,6 
YGKWkHi ,Female ,Permanent ,14 
LUmD ,Male ,Permanent ,36 
SssXFW ,Female ,Permanent ,24 
rxXbJrkt ,Female ,Permanent ,35 
MQOeQGwKfE ,Female ,Permanent ,15 
yfrVc ,Female ,Permanent ,40 
Amihwyr ,Male ,Contractor ,10 
nNqUrzvenU ,Male ,Permanent ,50 
XgduMDGU ,Female ,Permanent ,37 
qjMHP ,Male ,Contractor ,3 
RsunVNaV ,Male ,Permanent ,29 
kvmtiTKJns ,Female ,Contractor ,39 
yoDTTs ,Female ,Permanent ,17 
juJmUJIqWB ,Male ,Contractor ,43 
hFkcjPlE ,Male ,Permanent ,23 
kPUbNeJM ,Male ,Contractor ,33 
UnroWyaYIP ,Male ,Permanent ,2 
datSrjqPk ,Female ,Permanent ,32 
QksGWiF ,Female ,Permanent ,31 
RPMnLHENFH ,Female ,Contractor ,44 
qOfEecR ,Female ,Permanent ,47 
